sample,barcode,lane,total_reads_per_lane
BF3_Kangaroo,GAATTGAGTG.TTAAGTTGTG,1,131896
BF3_MARPT_01a,TATTCCTCAG.CTTAACCACT,1,171236
BF3_MARPT_01b,CTCGTGCGTT.GCCTCGGATA,1,119314
BF3_MARPT_02a,TTAGGATAGA.CGTCGACTGG,1,0
BF3_MARPT_02b,CCGAAGCGAG.TACTAGTCAA,1,0
BF3_PCRNegative,TCTCCATTGA.GCACTACAAC,1,90722
BF3_SpeedVacNegative,ACATGCATAT.TGGTGCCTGG,1,16612
BF3_WACO_2021_001a,TCGTCTGACT.ACCAGCGACA,1,17140
BF3_WACO_2021_001b,GAACATACGG.CATACACTGT,1,19330
BF3_WACO_2021_001c,CCTATGACTC.GTGTGGCGCT,1,44012
BF3_WACO_2021_002a,TAATGGCAAG.ATCACGAAGG,1,187196
BF3_WACO_2021_002b,GTGCCGCTTC.CGGCTCTACT,1,135514
BF3_WACO_2021_002c,CGGCAATGGA.GAATGCACGA,1,76070
BF3_WACO_2021_003a,GCCGTAACCG.AAGACTATAG,1,114924
BF3_WACO_2021_003b,AACCATTCTC.TCGGCAGCAA,1,166764
BF3_WACO_2021_003c,GGTTGCCTCT.CTAATGATGG,1,213266
BF3_WASS_2018_062VA,ATGTCGTGGT.TCGTATGCGG,1,77738
BF3_WASS_2018_062VB,AGAGTGCGGC.TCCGACCTCG,1,104944
BF3_WASS_2018_062VC,TGCCTGGTGG.CTTATGGAAT,1,51210
BF3_WASS_2018_070VA,TGCGTGTCAC.GCTTACGGAC,1,41470
BF3_WASS_2018_070VB,CATACACTGT.GAACATACGG,1,44168
BF3_WASS_2018_070VC,CGTATAATCA.GTCGATTACA,1,30134
BF3_WASS_2018_071VA,TACGCGGCTG.ACTAGCCGTG,1,65846
BF3_WASS_2018_071VB,GCGAGTTACC.AAGTTGGTGA,1,36856
BF3_WASS_2018_071VC,TACGGCCGGT.TGGCAATATT,1,81784
BF3_WASS_2020_190a_25uL,TGGACGGAGG.CACATCGGTG,1,59286
BF3_WASS_2020_190a,CCACCTGTGT.TGAGCGTTGT,1,234818
BF3_WASS_2020_190b,GTTCCGCAGG.ATCATAGGCT,1,234554
BF3_WASS_2020_190c,ACCTTATGAA.TGTTAGAAGG,1,251036
BF3_WASS_2020_234a,CGCTGCAGAG.GATGGATGTA,1,102080
BF3_WASS_2020_234b,GTAGAGTCAG.ACGGCCGTCA,1,232068
BF3_WASS_2020_234c,GGATACCAGA.CGTTGCTTAC,1,204514
BF3_WASS_2020_334a,CGCACTAATG.TGACTACATA,1,241990
BF3_WASS_2020_334b,TCCTGACCGT.CGGCCTCGTT,1,254138
BF3_WASS_2020_334c,CTGGCTTGCC.CAAGCATCCG,1,101634
LXT_Kangaroo,GCGTGTGAGA.CGGACAGTGA,1,126908
LXT_MARPT_01a,CGCTTGAAGT.GAACCATGAA,1,90992
LXT_MARPT_01b,CGCCTTCTGA.GGCCATCATA,1,73540
LXT_MARPT_02a,CTGGATATGT.TATGTGCAAT,1,105726
LXT_MARPT_02b,CAATCTATGA.GATTAAGGTG,1,155310
LXT_PCRNegative,CAGGCGCCAT.TCCACGGCCT,1,0
LXT_WACO_2021_001a,CTAATGATGG.GGTTGCCTCT,1,71106
LXT_WACO_2021_001b,TCGGCCTATC.CGCACATGGC,1,119528
LXT_WACO_2021_001c,AGTCAACCAT.GGCCTGTCCT,1,80808
LXT_WACO_2021_002a,GAGCGCAATA.CTGTGTTAGG,1,107906
LXT_WACO_2021_002b,AACAAGGCGT.TAAGGAACGT,1,119272
LXT_WACO_2021_002c,GTATGTAGAA.CTAACTGTAA,1,107500
LXT_WACO_2021_003a,TTCTATGGTT.GGCGAGATGG,1,164112
LXT_WACO_2021_003b,CCTCGCAACC.AATAGAGCAA,1,130512
LXT_WACO_2021_003c,TGGATGCTTA.TCAATCCATT,1,145622
LXT_WASS_2018_062VA,TAATGGATCT.ATCTCTACCA,1,129388
LXT_WASS_2018_062VB,TATCCAGGAC.CGGTGGCGAA,1,139902
LXT_WASS_2018_062VC,AGTGCCACTG.TAACAATAGG,1,135192
LXT_WASS_2018_070VA,GTGCAACACT.CTGGTACACG,1,21716
LXT_WASS_2018_070VB,ACATGGTGTC.TCAACGTGTA,1,33412
LXT_WASS_2018_070VC,GACAGACAGG.ACTGTTGTGA,1,26454
LXT_WASS_2018_071VA,TCTTACATCA.GTGCGTCCTT,1,122988
LXT_WASS_2018_071VB,TTACAATTCC.AGCACATCCT,1,138184
LXT_WASS_2018_071VC,AAGCTTATGC.TTCCGTCGCA,1,99796
LXT_WASS_2020_190a,ACCAGCGACA.TCGTCTGACT,1,242994
LXT_WASS_2020_190b,TTGTAACGGT.CTCATAGCGA,1,265274
LXT_WASS_2020_190c,GTAAGGCATA.AGACACATTA,1,198866
LXT_WASS_2020_234a,GTCCACTTGT.GCGCGATGTT,1,191270
LXT_WASS_2020_234b,TTAGGTACCA.CATGAGTACT,1,114574
LXT_WASS_2020_234c,GGAATTCCAA.ACGTCAATAC,1,132734
LXT_WASS_2020_334a,CATGTAGAGG.GATACCTCCT,1,75374
LXT_WASS_2020_334b,TACACGCTCC.ATCCGTAAGT,1,180278
LXT_WASS_2020_334c,GCTTACGGAC.CGTGTATCTT,1,108142
Leray_Kangaroo,ACATAACGGA.TTGTAGTGTA,1,0
Leray_MARPT_01a,GGACCAACAG.ATAGACCGTT,1,126062
Leray_MARPT_01b,TTCCAGGTAA.ACAGTTCCAG,1,168244
Leray_PCRNegative,CTGACCGGCA.CCTGATACAA,1,50
Leray_WACO_2021_001a,AGAGCACTAG.TGGAACAGTA,1,66194
Leray_WACO_2021_001b,TGCCTTGATC.CCTTGTTAAT,1,72856
Leray_WACO_2021_001c,CTACTCAGTC.GTTGATAGTG,1,97290
Leray_WACO_2021_002a,CGCTCAGTTC.TCGTGGAGCG,1,75710
Leray_WACO_2021_002b,TATCTGACCT.CTACAAGATA,1,71178
Leray_WACO_2021_002c,ATATGAGACG.TATAGTAGCT,1,63912
Leray_WACO_2021_003a,CTTATGGAAT.TGCCTGGTGG,1,101972
Leray_WACO_2021_003b,TAATCTCGTC.ACATTATCCT,1,112496
Leray_WACO_2021_003c,GCGCGATGTT.GTCCACTTGT,1,107874
Leray_WASS_2018_062VA,GTCGATTACA.GATCACCGCG,1,149256
Leray_WASS_2018_062VB,CTGTCTGCAC.TACCATCCGT,1,105572
Leray_WASS_2018_062VC,CAGCCGATTG.GCTGTAGGAA,1,108164
Leray_WASS_2018_070VA,TGACTACATA.CGCACTAATG,1,106402
Leray_WASS_2018_070VB,ATTGCCGAGT.GACAACTGAA,1,43460
Leray_WASS_2018_070VC,GCCATTAGAC.AGTGGTCAGG,1,29112
Leray_WASS_2018_071VA,GGCGAGATGG.TTCTATGGTT,1,23660
Leray_WASS_2018_071VB,TGGCTCGCAG.AATCCGGCCA,1,65152
Leray_WASS_2018_071VC,TAGAATAACG.CCATAAGGTT,1,19408
Leray_WASS_2020_190a,ACCGCGCAAT.TTGGCTCCGC,1,186500
Leray_WASS_2020_190b,GTTCGCGCCA.AACTGATACT,1,206216
Leray_WASS_2020_190c,AGACACATTA.GTAAGGCATA,1,120096
Leray_WASS_2020_234a,GCGTTGGTAT.AATTGCTGCG,1,128666
Leray_WASS_2020_234b,AGCACATCCT.TTACAATTCC,1,146320
Leray_WASS_2020_234c,TTGTTCCGTG.AACCTAGCAC,1,243156
Leray_WASS_2020_334a,AAGTACTCCA.TCTGTGTGGA,1,29934
Leray_WASS_2020_334b,ACGTCAATAC.GGAATTCCAA,1,143012
Leray_WASS_2020_334c,GGTGTACAAG.AAGCGCGCTT,1,164464
NA,TAACAGTGTT.GCAAGTCTCA,1,281106
