"lane","sample","primer","group","year","barcode","total_reads_per_lane"
1,"BF3_MARPT_02a","BF3","MARPT","2021","TTAGGATAGA.CGTCGACTGG",0
1,"BF3_MARPT_02b","BF3","MARPT","2021","CCGAAGCGAG.TACTAGTCAA",0
1,"LXT_PCRNegative","LXT","PCRNegative",NA,"CAGGCGCCAT.TCCACGGCCT",0
1,"Leray_Kangaroo","Leray","Kangaroo",NA,"ACATAACGGA.TTGTAGTGTA",0
1,"Leray_PCRNegative","Leray","PCRNegative",NA,"CTGACCGGCA.CCTGATACAA",50
1,"BF3_SpeedVacNegative","BF3","SpeedVacNegative",NA,"ACATGCATAT.TGGTGCCTGG",16612
1,"BF3_WACO_2021_001a","BF3","WACO","2021","TCGTCTGACT.ACCAGCGACA",17140
1,"BF3_WACO_2021_001b","BF3","WACO","2021","GAACATACGG.CATACACTGT",19330
1,"Leray_WASS_2018_071VC","Leray","WASS","2018","TAGAATAACG.CCATAAGGTT",19408
1,"LXT_WASS_2018_070VA","LXT","WASS","2018","GTGCAACACT.CTGGTACACG",21716
1,"Leray_WASS_2018_071VA","Leray","WASS","2018","GGCGAGATGG.TTCTATGGTT",23660
1,"LXT_WASS_2018_070VC","LXT","WASS","2018","GACAGACAGG.ACTGTTGTGA",26454
1,"Leray_WASS_2018_070VC","Leray","WASS","2018","GCCATTAGAC.AGTGGTCAGG",29112
1,"Leray_WASS_2020_334a","Leray","WASS","2020","AAGTACTCCA.TCTGTGTGGA",29934
1,"BF3_WASS_2018_070VC","BF3","WASS","2018","CGTATAATCA.GTCGATTACA",30134
1,"LXT_WASS_2018_070VB","LXT","WASS","2018","ACATGGTGTC.TCAACGTGTA",33412
1,"BF3_WASS_2018_071VB","BF3","WASS","2018","GCGAGTTACC.AAGTTGGTGA",36856
1,"BF3_WASS_2018_070VA","BF3","WASS","2018","TGCGTGTCAC.GCTTACGGAC",41470
1,"Leray_WASS_2018_070VB","Leray","WASS","2018","ATTGCCGAGT.GACAACTGAA",43460
1,"BF3_WACO_2021_001c","BF3","WACO","2021","CCTATGACTC.GTGTGGCGCT",44012
1,"BF3_WASS_2018_070VB","BF3","WASS","2018","CATACACTGT.GAACATACGG",44168
1,"BF3_WASS_2018_062VC","BF3","WASS","2018","TGCCTGGTGG.CTTATGGAAT",51210
1,"BF3_WASS_2020_190a_25uL","BF3","WASS","2020","TGGACGGAGG.CACATCGGTG",59286
1,"Leray_WACO_2021_002c","Leray","WACO","2021","ATATGAGACG.TATAGTAGCT",63912
1,"Leray_WASS_2018_071VB","Leray","WASS","2018","TGGCTCGCAG.AATCCGGCCA",65152
1,"BF3_WASS_2018_071VA","BF3","WASS","2018","TACGCGGCTG.ACTAGCCGTG",65846
1,"Leray_WACO_2021_001a","Leray","WACO","2021","AGAGCACTAG.TGGAACAGTA",66194
